PDB;Mutations;Affinity_mut;Affinity_wt;Temperature;dH_mut;dH_wt;dS_mut;dS_wt;Notes
1BRS_A_D;KA25A;8.8E-11;1E-14;298;-13.10;-19.30;1.68;-1.01;Thermodynamic data from 9126847.,,
1BRS_A_D;RA57A;7E-11;1E-14;298;-11.90;-19.30;6.37;-1.01;Thermodynamic data from 9126847.,,
1BRS_A_D;RA85A;1.2E-10;1E-14;298;-17.30;-19.30;-12.70;-1.01;Thermodynamic data from 9126847.,,
1BRS_A_D;HA100A;3.2E-10;1E-14;298;-10.90;-19.30;6.71;-1.01;Thermodynamic data from 9126847.,,
1BRS_A_D;YD29F;8E-15;1E-14;298;-18.80;-19.30;1.01;-1.01;Thermodynamic data from 9126847.,,
1BRS_A_D;YD29A;3.5E-12;1E-14;298;-14.20;-19.30;4.70;-1.01;Thermodynamic data from 9126847.,,
1BRS_A_D;DD35A;2E-11;1E-14;298;-14.40;-19.30;0.34;-1.01;Thermodynamic data from 9126847.,,
1BRS_A_D;DD39A;0.00000000406;1E-14;298;-7.40;-19.30;13.10;-1.01;Thermodynamic data from 9126847. ITC dG(mut) is -11.1 kcal/mol,,
1BRS_A_D;ED74A;1E-13;1E-14;298;-17.80;-19.30;-0.34;-1.01;Thermodynamic data from 9126847.,,
1BRS_A_D;KA25A,DD39A;0.0000000117;1E-14;298;-10.60;-19.30;0.67;-1.01;Thermodynamic data from 9126847. ITC dG(mut) is -10.3 kcal/mol,,
1BRS_A_D;RA85A,DD39A;0.00000000185;1E-14;298;-13.40;-19.30;-5.03;-1.01;Thermodynamic data from 9126847.,,
1BRS_A_D;HA100A,YD29A;4.2E-10;1E-14;298;-13.30;-19.30;-2.01;-1.01;Thermodynamic data from 9126847.,,
1BRS_A_D;HA100A,YD29F;1.17E-10;1E-14;298;-12.00;-19.30;5.03;-1.01;Thermodynamic data from 9126847.,,
1BRS_A_D;HA100A,DD39A;0.000000039;1E-14;298;-2.40;-19.30;25.80;-1.01;Thermodynamic data from 9126847. ITC dG(mut) is -8.3 kcal/mol,,
1BRS_A_D;RA57A,DD39A;0.00000213;1E-14;298;-1.70;-19.30;20.10;-1.01;
1BRS_A_D;EA71Q;1.16E-13;1E-14;298;-10.00;-19.30;25.50;-1.01;
1BRS_A_D;EA71Q,DD39A;0.00000000192;1E-14;298;-6.30;-19.30;18.40;-1.01;
1BRS_A_D;EA71Q,ED74A;3.85E-12;1E-14;298;-8.10;-19.30;24.80;-1.01;
1BRS_A_D;EA71W;1.64E-13;1E-14;298;-8.50;-19.30;29.90;-1.01;
1BRS_A_D;EA71W,DD39A;7.69E-10;1E-14;298;-7.90;-19.30;15.10;-1.01;
1BRS_A_D;EA71W,DD35A;1.54E-10;1E-14;298;-4.70;-19.30;28.80;-1.01;
1BRS_A_D;EA71W,ED74A;4E-12;1E-14;298;-6.50;-19.30;30.20;-1.01;
1BRS_A_D;EA71Y;5.88E-13;1E-14;298;-10.70;-19.30;19.80;-1.01;
1BRS_A_D;EA71F;4.35E-13;1E-14;298;-9.00;-19.30;26.20;-1.01;
1BRS_A_D;EA71F,DD39A;0.000000003;1E-14;298;-9.00;-19.30;8.72;-1.01;
1BRS_A_D;EA71F,DD35A;5E-10;1E-14;298;-3.70;-19.30;29.90;-1.01;
1BRS_A_D;EA71C;7.14E-13;1E-14;298;-8.90;-19.30;25.50;-1.01;
1BRS_A_D;EA71S;1.61E-12;1E-14;298;-7.70;-19.30;27.80;-1.01;
1BRS_A_D;EA71A;5.26E-13;1E-14;298;-7.30;-19.30;31.50;-1.01;
1BRS_A_D;EA71A,DD39A;0.00000000185;1E-14;298;-11.90;-19.30;0.00;-1.01;
1BRS_A_D;EA71A,DD35A;5.26E-10;1E-14;298;-3.00;-19.30;32.20;-1.01;
2HLE_A_B;KA141Q;0.00000002;0.00000004;298;3.70;3.30;48.30;44.90;
2HLE_A_B;LA87R;0.0000019;0.00000004;298;5.20;3.30;43.60;44.90;
2GOX_A_B;RB31A;0.000000026;0.000000002;298;-3.90;-8.50;21.50;11.40;
2GOX_A_B;NB38A;0.000000019;0.000000002;298;-5.50;-8.50;16.80;11.40;
3D5S_A_C;AC31R;0.000000002;0.000000026;298;-8.50;-3.90;11.40;21.50;Crystal structure is one of the mutants in the paper. This mutant is taken as 'wild-type',,
3D5R_A_C;AC38N;0.000000002;0.000000019;298;-8.50;-5.50;11.40;16.80;Crystal structure is one of the mutants in the paper. This mutant is taken as 'wild-type',,
2NOJ_A_B;RB24A,NB31A;0.000000046;0.000000013;298;-2.14;-9.46;26.40;4.30;
1KIQ_AB_C;FB101Y;0.0000000037;0.00000025;298;-21.50;-14.00;-33.70;-17.30;Crystal structure is one of the mutants in the paper. This mutant is taken as 'wild-type',,
1KIP_AB_C;AB32Y;0.0000000037;0.0000000143;298;-21.50;-17.20;-33.70;-22.20;Crystal structure is one of the mutants in the paper. This mutant is taken as 'wild-type',,
1KIR_AB_C;SA50Y;0.0000000037;0.0000000385;298;-21.50;-19.40;-33.70;-31.50;Crystal structure is one of the mutants in the paper. This mutant is taken as 'wild-type',,
2PCC_A_B;DA34A;0.000000253;0.00000115;298;-0.90;-2.60;27.20;18.40;
2PCC_A_B;VA197A;0.00004;0.00000115;298;-2.30;-2.60;12.40;18.40;
2PCC_A_B;EA290A;0.0405;0.00000115;298;-5.80;-2.60;-13.10;18.40;
2PCC_A_B;KB92A;0.00000527;0.00000115;298;-0.80;-2.60;21.50;18.40;
2PCC_A_B;KB92A,DA34A;0.00000162;0.00000115;298;-0.70;-2.60;24.10;18.40;
2PCC_A_B;KB92A,VA197A;0.0000145;0.00000115;298;-0.90;-2.60;19.10;18.40;
2PCC_A_B;KB77A;0.00000192;0.00000115;298;-1.10;-2.60;22.50;18.40;
2PCC_A_B;KB77A,VA197A;0.00013;0.00000115;298;-0.50;-2.60;16.10;18.40;
2PCC_A_B;KB77A,EA290A;0.00000739;0.00000115;298;-1.20;-2.60;19.50;18.40;
2PCC_A_B;AB86G;0.0000285;0.00000115;298;-2.40;-2.60;12.70;18.40;
2PCC_A_B;AB86G,DA34A;0.000000975;0.00000115;298;-0.80;-2.60;24.80;18.40;
2PCC_A_B;AB86G,VA197A;0.00004;0.00000115;298;-2.20;-2.60;12.70;18.40;
2PCB_A_B;EA291Q;0.00000909;0.00001;298;2.13;2.25;30.10;30.80;
2PCB_A_B;EA32Q;0.0000278;0.00001;298;2.25;2.25;29.20;30.80;
2PCB_A_B;EA35Q;0.0000313;0.00001;298;1.05;2.25;24.40;30.80;
2PCB_A_B;AA193F;0.0000345;0.00001;298;1.91;2.25;26.80;30.80;
2PCB_A_B;DA34N;0.00004;0.00001;298;2.51;2.25;28.40;30.80;
2PCB_A_B;EA290N;0.0000435;0.00001;298;2.06;2.25;27.00;30.80;
2C0L_A_B;NA48A;0.000000348;0.000000109;305;-6.52;-10.10;8.38;-0.96;
2C0L_A_B;QA239R;0.00000134;0.000000109;305;-4.16;-10.10;13.40;-0.96;
2C0L_A_B;SA242Y;0.000000173;0.000000109;305;-9.25;-10.10;0.93;-0.96;
2A9K_A_B;GB55D;0.000003;0.00000006;310;-25.00;-20.00;-55.30;-31.40;
1LFD_A_B;RA7A;0.0000171;0.00000115;298;-11.30;-11.20;-16.10;-10.40;
1LFD_A_B;SA9K;0.00000524;0.00000115;298;-14.00;-11.20;-22.80;-10.40;
1LFD_A_B;LA10K;0.000000493;0.00000115;298;-14.40;-11.20;-19.50;-10.40;
1LFD_A_B;NA14K;0.00000225;0.00000115;298;-9.80;-11.20;-7.04;-10.40;
1LFD_A_B;MA17K;0.000000584;0.00000115;298;-11.50;-11.20;-10.10;-10.40;
1LFD_A_B;KA19A;0.0000144;0.00000115;298;-10.20;-11.20;-12.10;-10.40;
1LFD_A_B;KA35A;0.0000019;0.00000115;298;-11.70;-11.20;-13.10;-10.40;
1LFD_A_B;DA38A;0.000000417;0.00000115;298;-12.50;-11.20;-12.70;-10.40;
1LFD_A_B;DA38K;0.000000251;0.00000115;298;-13.10;-11.20;-13.80;-10.40;
1LFD_A_B;KA39A;0.000024;0.00000115;298;-13.20;-11.20;-23.10;-10.40;
1LFD_A_B;NA41K;0.000000969;0.00000115;298;-11.30;-11.20;-10.40;-10.40;
1LFD_A_B;LA42K;0.00000115;0.00000115;298;-10.30;-11.20;-7.38;-10.40;
1LFD_A_B;DA43A;0.000000584;0.00000115;298;-13.10;-11.20;-15.40;-10.40;
1LFD_A_B;EA44A;0.000000584;0.00000115;298;-11.20;-11.20;-9.06;-10.40;
1LFD_A_B;EA44K;0.000000969;0.00000115;298;-12.20;-11.20;-13.40;-10.40;
1LFD_A_B;DA45K;0.000000493;0.00000115;298;-14.20;-11.20;-18.80;-10.40;
1LFD_A_B;NA79K;0.000000584;0.00000115;298;-14.60;-11.20;-20.50;-10.40;
1LFD_A_B;YA80K;0.00000161;0.00000115;298;-12.40;-11.20;-15.10;-10.40;
1LFD_A_B;DA81K;0.000000251;0.00000115;298;-12.70;-11.20;-12.40;-10.40;
1LFD_A_B;MA17K,DA45K;0.000000818;0.00000115;298;-12.80;-11.20;-15.10;-10.40;
1LFD_A_B;MA17K,DA81K;0.000000584;0.00000115;298;-10.30;-11.20;-6.04;-10.40;
1LFD_A_B;MA17K,DA38K,DA45K;0.0000000549;0.00000115;298;-12.50;-11.20;-8.72;-10.40;
1LFD_A_B;MA17K,DA38K,DA45K,DA81K;0.000000251;0.00000115;298;-9.40;-11.20;-1.34;-10.40;
1LFD_A_B;DA38K,DA43K,EA44K;0.000000151;0.00000115;298;-12.50;-11.20;-10.70;-10.40;
1LFD_A_B;DA45K,DA81K;0.000000352;0.00000115;298;-13.70;-11.20;-16.40;-10.40;
1CBW_FGH_I;TI11A;0.0000000199;0.0000000142;295;2.80;2.50;45.10;44.70;
1CBW_FGH_I;GI12A;0.0000000392;0.0000000142;295;-0.60;2.50;32.20;44.70;
1CBW_FGH_I;PI13A;0.000000012;0.0000000142;295;2.60;2.50;45.40;44.70;
1CBW_FGH_I;KI15A;0.000000417;0.0000000142;295;3.40;2.50;41.00;44.70;
1CBW_FGH_I;RI17A;0.0000000331;0.0000000142;295;2.80;2.50;44.40;44.70;
1CBW_FGH_I;II19A;0.0000000168;0.0000000142;295;2.50;2.50;44.40;44.70;
1CBW_FGH_I;RI20A;0.0000000236;0.0000000142;295;2.50;2.50;43.70;44.70;
1CBW_FGH_I;VI34A;0.0000000142;0.0000000142;295;-2.70;2.50;27.10;44.70;
1CBW_FGH_I;YI35A;0.0000000549;0.0000000142;295;1.80;2.50;39.60;44.70;
1CBW_FGH_I;GI36A;0.000000065;0.0000000142;295;3.00;2.50;43.40;44.70;
1CBW_FGH_I;GI37A;0.0000000549;0.0000000142;295;3.60;2.50;45.70;44.70;
1CBW_FGH_I;RI39A;0.0000000199;0.0000000142;295;3.10;2.50;46.10;44.70;
1CBW_FGH_I;KI46A;0.0000000168;0.0000000142;295;2.30;2.50;43.70;44.70;
3HFM_HL_Y;YH53W;0.00000000769;0.00000000238;303;-23.60;-21.90;-40.80;-32.60;NB) HyHEL-10 and HyHEL-63 are very similar,,
3HFM_HL_Y;YH53F;0.00000000667;0.00000000238;303;-20.20;-21.90;-29.30;-32.60;NB) HyHEL-10 and HyHEL-63 are very similar,,
3HFM_HL_Y;YH53L;0.00000000909;0.00000000238;303;-19.60;-21.90;-27.90;-32.60;NB) HyHEL-10 and HyHEL-63 are very similar,,
3HFM_HL_Y;YH53A;0.000000526;0.00000000238;303;-14.40;-21.90;-18.80;-32.60;NB) HyHEL-10 and HyHEL-63 are very similar,,
3HFM_HL_Y;YH33W;0.0000000435;0.00000000238;303;-15.70;-21.90;-18.10;-32.60;NB) HyHEL-10 and HyHEL-63 are very similar,,
3HFM_HL_Y;YH33F;0.0000000141;0.00000000238;303;-17.50;-21.90;-21.80;-32.60;NB) HyHEL-10 and HyHEL-63 are very similar,,
3HFM_HL_Y;YH33L;0.0000000667;0.00000000238;303;-16.10;-21.90;-20.40;-32.60;NB) HyHEL-10 and HyHEL-63 are very similar,,
3HFM_HL_Y;YH50F;0.0000000345;0.00000000238;303;-14.30;-21.90;-13.20;-32.60;NB) HyHEL-10 and HyHEL-63 are very similar,,
3HFM_HL_Y;YH50L;0.00000027;0.00000000238;303;-12.90;-21.90;-12.50;-32.60;NB) HyHEL-10 and HyHEL-63 are very similar,,
3HFM_HL_Y;YH58F;0.00000000435;0.00000000238;303;-20.40;-21.90;-29.00;-32.60;NB) HyHEL-10 and HyHEL-63 are very similar,,
3HFM_HL_Y;YH58L;0.0000000294;0.00000000238;303;-14.90;-21.90;-14.80;-32.60;NB) HyHEL-10 and HyHEL-63 are very similar,,
3HFM_HL_Y;YH58A;0.0000000385;0.00000000238;303;-17.30;-21.90;-23.00;-32.60;NB) HyHEL-10 and HyHEL-63 are very similar,,
2VLR_ABC_DE;AE95S;0.00000524;0.00000524;298;-23.00;-18.00;-50.30;-33.50;Crystal structure is one of the mutants in the paper. This mutant is taken as 'wild-type',,
1OGA_ABC_DE;IE49V;0.00000735;0.00000524;298;-22.00;-23.00;-50.30;-50.30;
1OGA_ABC_DE;NE51A;0.0000336;0.00000524;298;-18.00;-23.00;-40.20;-50.30;
1OGA_ABC_DE;DE52A;0.00000621;0.00000524;298;-24.00;-23.00;-57.00;-50.30;
1OGA_ABC_DE;QE54A;0.0000122;0.00000524;298;-18.00;-23.00;-36.90;-50.30;
1OGA_ABC_DE;QE54E;0.00000524;0.00000524;298;-20.00;-23.00;-43.60;-50.30;
1OGA_ABC_DE;SE95A;0.00000524;0.00000524;298;-18.00;-23.00;-33.50;-50.30;
1OGA_ABC_DE;YE97A;0.00000735;0.00000524;298;-29.00;-23.00;-73.80;-50.30;
1OGA_ABC_DE;YE97F;0.0000122;0.00000524;298;-20.00;-23.00;-43.60;-50.30;
1OGA_ABC_DE;SD30A;0.0000284;0.00000524;298;-24.00;-23.00;-60.40;-50.30;
1OGA_ABC_DE;QD32A;0.0000284;0.00000524;298;-23.00;-23.00;-57.00;-50.30;
1AO7_ABC_DE;YC5F;0.0000012;0.0000009;277;5.90;4.40;48.00;44.00;
3QFJ_ABC_DE;FC5Y;0.0000009;0.0000012;277;4.40;5.90;44.00;48.00;Crystal structure is one of the mutants in the paper. This mutant is taken as 'wild-type',,
1LP9_ABC_EF;KA66A;0.000007;0.000001;298;-0.60;-3.90;21.10;14.80;
2J8U_ABC_EF;AA66K;0.000001;0.000007;298;-3.90;-0.60;14.80;21.10;Crystal structure is one of the mutants in the paper. This mutant is taken as 'wild-type',,
3R9A_AC_B;AA323W;0.0000062;0.0000035;298;6.31;3.80;45.00;37.70;
3R9A_AC_B;YA325A;0.0000194;0.0000035;298;3.97;3.80;35.00;37.70;
3R9A_AC_B;YA325W;0.0000079;0.0000035;298;5.59;3.80;42.20;37.70;
3R9A_AC_B;VA331D;0.0000035;0.0000035;298;4.11;3.80;38.80;37.70;
3R9A_AC_B;GA165R;0.0000038;0.0000035;298;4.52;3.80;39.90;37.70;
1XGU_AB_C;FB33L;0.000000122;0.00000000526;298;-12.60;-20.90;-10.70;-32.20;Crystal structure is one of the mutants in the paper. This mutant is taken as 'wild-type' and is mutated to another mutant.
1XGU_AB_C;FB33I;0.00000011;0.00000000526;298;-14.00;-20.90;-15.10;-32.20;Crystal structure is one of the mutants in the paper. This mutant is taken as 'wild-type' and is mutated to another mutant.
1XGU_AB_C;FB33V;0.000000714;0.00000000526;298;-12.20;-20.90;-12.70;-32.20;Crystal structure is one of the mutants in the paper. This mutant is taken as 'wild-type' and is mutated to another mutant.
1XGU_AB_C;FB33A;0.000005;0.00000000526;298;-9.00;-20.90;-6.04;-32.20;Crystal structure is one of the mutants in the paper. This mutant is taken as 'wild-type' and is mutated to another mutant.
1XGP_AB_C;AB33F;0.00000000526;0.000005;298;-20.90;-9.00;-32.20;-6.04;Crystal structure is one of the mutants in the paper. This mutant is taken as 'wild-type' and is mutated to another mutant.
1XGP_AB_C;AB33L;0.000000122;0.000005;298;-12.60;-9.00;-10.70;-6.04;Crystal structure is one of the mutants in the paper. This mutant is taken as 'wild-type' and is mutated to another mutant.
1XGP_AB_C;AB33I;0.00000011;0.000005;298;-14.00;-9.00;-15.10;-6.04;Crystal structure is one of the mutants in the paper. This mutant is taken as 'wild-type' and is mutated to another mutant.
1XGP_AB_C;AB33V;0.000000714;0.000005;298;-12.20;-9.00;-12.70;-6.04;Crystal structure is one of the mutants in the paper. This mutant is taken as 'wild-type' and is mutated to another mutant.
1XGQ_AB_C;VB33F;0.00000000526;0.000000714;298;-20.90;-12.20;-32.20;-12.70;Crystal structure is one of the mutants in the paper. This mutant is taken as 'wild-type' and is mutated to another mutant.
1XGQ_AB_C;VB33L;0.000000122;0.000000714;298;-12.60;-12.20;-10.70;-12.70;Crystal structure is one of the mutants in the paper. This mutant is taken as 'wild-type' and is mutated to another mutant.
1XGQ_AB_C;VB33I;0.00000011;0.000000714;298;-14.00;-12.20;-15.10;-12.70;Crystal structure is one of the mutants in the paper. This mutant is taken as 'wild-type' and is mutated to another mutant.
1XGQ_AB_C;VB33A;0.000005;0.000000714;298;-9.00;-12.20;-6.04;-12.70;Crystal structure is one of the mutants in the paper. This mutant is taken as 'wild-type' and is mutated to another mutant.
1XGR_AB_C;IB33F;0.00000000526;0.00000011;298;-20.90;-14.00;-32.20;-15.10;Crystal structure is one of the mutants in the paper. This mutant is taken as 'wild-type' and is mutated to another mutant.
1XGR_AB_C;IB33L;0.000000122;0.00000011;298;-12.60;-14.00;-10.70;-15.10;Crystal structure is one of the mutants in the paper. This mutant is taken as 'wild-type' and is mutated to another mutant.
1XGR_AB_C;IB33V;0.000000714;0.00000011;298;-12.20;-14.00;-12.70;-15.10;Crystal structure is one of the mutants in the paper. This mutant is taken as 'wild-type' and is mutated to another mutant.
1XGR_AB_C;IB33A;0.000005;0.00000011;298;-9.00;-14.00;-6.04;-15.10;Crystal structure is one of the mutants in the paper. This mutant is taken as 'wild-type' and is mutated to another mutant.
1XGT_AB_C;LB33F;0.00000000526;0.000000122;298;-20.90;-12.60;-32.20;-10.70;Crystal structure is one of the mutants in the paper. This mutant is taken as 'wild-type' and is mutated to another mutant.
1XGT_AB_C;LB33I;0.00000011;0.000000122;298;-14.00;-12.60;-15.10;-10.70;Crystal structure is one of the mutants in the paper. This mutant is taken as 'wild-type' and is mutated to another mutant.
1XGT_AB_C;LB33V;0.000000714;0.000000122;298;-12.20;-12.60;-12.70;-10.70;Crystal structure is one of the mutants in the paper. This mutant is taken as 'wild-type' and is mutated to another mutant.
1XGT_AB_C;LB33A;0.000005;0.000000122;298;-9.00;-12.60;-6.04;-10.70;Crystal structure is one of the mutants in the paper. This mutant is taken as 'wild-type' and is mutated to another mutant.
3UIG_A_P;EA47A;0.0000143;0.0000048;298;-6.26;-6.13;1.18;3.74;
3UIG_A_P;KA58A;0.0000102;0.0000048;298;-5.16;-6.13;5.52;3.74;
3UIG_A_P;EA61A;0.0000934;0.0000048;298;-4.89;-6.13;2.03;3.74;
3UIG_A_P;DA67A;0.00015;0.0000048;298;-6.21;-6.13;-3.33;3.74;
3UIG_A_P;EA72A;0.000099;0.0000048;298;-6.40;-6.13;-3.13;3.74;
3UII_A_P;KA58A;0.0000108;0.00001;298;-7.71;-5.51;-3.11;4.38;
3UII_A_P;KA58Y,HA76W;0.0000106;0.00001;298;-3.52;-5.51;10.90;4.38;
3UIH_A_P;KA58Y,HA76W;0.0000198;0.000121;298;-4.44;-3.48;6.64;6.24;
3M62_A_B;EA32A;0.000000284;0.00000007;298;-8.10;-17.30;3.02;-24.80;
3M62_A_B;DA46A;0.0000079;0.00000007;298;-19.70;-17.30;-42.60;-24.80;
3M62_A_B;LA50A;0.0000083;0.00000007;298;-29.70;-17.30;-76.50;-24.80;
3M62_A_B;TA54A;0.000000072;0.00000007;298;-12.10;-17.30;-7.72;-24.80;
3M62_A_B;EA55A;0.000000413;0.00000007;298;-11.20;-17.30;-8.39;-24.80;
3M62_A_B;RA98A;0.000000265;0.00000007;298;-3.40;-17.30;18.80;-24.80;
3M62_A_B;GA102A;0.000000592;0.00000007;298;-7.00;-17.30;5.03;-24.80;
3M62_A_B;YA103A;0.000134;0.00000007;298;-21.40;-17.30;-54.00;-24.80;
3M62_A_B;IA110A;0.0000016;0.00000007;298;-12.60;-17.30;-15.80;-24.80;
3M62_A_B;FB7A;0.000000376;0.00000007;298;-8.70;-17.30;0.00;-24.80;
3M62_A_B;KB8A;0.000000162;0.00000007;298;-9.40;-17.30;0.67;-24.80;
3M62_A_B;IB43A;0.0000091;0.00000007;298;-19.10;-17.30;-40.90;-24.80;
3M62_A_B;SB45A;0.000000606;0.00000007;298;-4.80;-17.30;12.40;-24.80;
3M62_A_B;VB48A;0.000000441;0.00000007;298;-12.60;-17.30;-13.10;-24.80;
3M62_A_B;QB50A;0.000000415;0.00000007;298;-6.20;-17.30;8.39;-24.80;
3M62_A_B;QB65A;0.000000113;0.00000007;298;-9.50;-17.30;0.00;-24.80;
3M62_A_B;VB67A;0.000000478;0.00000007;298;-8.80;-17.30;-0.67;-24.80;
3M62_A_B;MB69A;0.000000221;0.00000007;298;-7.90;-17.30;4.03;-24.80;
3M63_A_B;EA33A;0.000000521;0.000000175;298;-7.30;-10.10;4.36;-2.68;
3M63_A_B;DA46A;0.0000076;0.000000175;298;-7.60;-10.10;-2.01;-2.68;
3M63_A_B;LA50A;0.000000463;0.000000175;298;-10.10;-10.10;-5.03;-2.68;
3M63_A_B;TA54A;0.000000296;0.000000175;298;-10.70;-10.10;-6.04;-2.68;
3M63_A_B;EA55A;0.000000314;0.000000175;298;-8.60;-10.10;0.67;-2.68;
3M63_A_B;RA98A;0.000000128;0.000000175;298;-7.80;-10.10;5.37;-2.68;
3M63_A_B;GA102A;0.000000216;0.000000175;298;-13.20;-10.10;-13.80;-2.68;
3M63_A_B;VA106A;0.0000039;0.000000175;298;-10.60;-10.10;-10.70;-2.68;
3M63_A_B;IA110A;0.0000011;0.000000175;298;-18.30;-10.10;-34.20;-2.68;
3M63_A_B;FA113A;0.0000036;0.000000175;298;-8.30;-10.10;-3.02;-2.68;
3M63_A_B;GB8F,QB9K,SB65Q,HB67V,VB69M;0.00000024;0.000000175;298;-2.50;-10.10;21.80;-2.68;
2VN5_A_B;SB42A,TB43F;0.00000000154;0.000000001;308;-19.30;-20.80;-22.20;-26.20;Crystal structure is one of the mutants in the paper. This mutant is taken as 'wild-type'. The interaction has two distinct binding modes, only one of which appears in the crystal structure.
2VN5_A_B;SB42A,TB43F,TA35A;0.00000000167;0.000000001;308;-19.80;-20.80;-24.10;-26.20;Crystal structure is one of the mutants in the paper. This mutant is taken as 'wild-type'. The interaction has two distinct binding modes, only one of which appears in the crystal structure.
2VN5_A_B;SB42A,TB43F,NA37A;0.00000000741;0.000000001;308;-18.20;-20.80;-21.80;-26.20;Crystal structure is one of the mutants in the paper. This mutant is taken as 'wild-type'. The interaction has two distinct binding modes, only one of which appears in the crystal structure.
2VN5_A_B;SB42A,TB43F,YA39A;0.00000000833;0.000000001;308;-18.20;-20.80;-21.90;-26.20;Crystal structure is one of the mutants in the paper. This mutant is taken as 'wild-type'. The interaction has two distinct binding modes, only one of which appears in the crystal structure.
2VN5_A_B;SB42A,TB43F,SA66A;8.62E-10;0.000000001;308;-21.50;-20.80;-28.20;-26.20;Crystal structure is one of the mutants in the paper. This mutant is taken as 'wild-type'. The interaction has two distinct binding modes, only one of which appears in the crystal structure.
2VN5_A_B;SB42A,TB43F,SA75A;0.000000001;0.000000001;308;-22.40;-20.80;-31.30;-26.20;Crystal structure is one of the mutants in the paper. This mutant is taken as 'wild-type'. The interaction has two distinct binding modes, only one of which appears in the crystal structure.
2VN5_A_B;SB42A,TB43F,LA77A;0.000000204;0.000000001;308;-14.00;-20.80;-12.90;-26.20;Crystal structure is one of the mutants in the paper. This mutant is taken as 'wild-type'. The interaction has two distinct binding modes, only one of which appears in the crystal structure.
2VN5_A_B;SB42A,TB43F,LA79A;0.000000122;0.000000001;308;-23.20;-20.80;-39.30;-26.20;Crystal structure is one of the mutants in the paper. This mutant is taken as 'wild-type'. The interaction has two distinct binding modes, only one of which appears in the crystal structure.
2VN5_A_B;SB42A,TB43F,NA81A;0.00000000272;0.000000001;308;-22.30;-20.80;-33.10;-26.20;Crystal structure is one of the mutants in the paper. This mutant is taken as 'wild-type'. The interaction has two distinct binding modes, only one of which appears in the crystal structure.
2VN5_A_B;SB42A,TB43F,IA83A;0.00000000472;0.000000001;308;-26.70;-20.80;-48.70;-26.20;Crystal structure is one of the mutants in the paper. This mutant is taken as 'wild-type'. The interaction has two distinct binding modes, only one of which appears in the crystal structure.
2VN5_A_B;SB42A,TB43F,MA125G;0.0000000136;0.000000001;308;-20.20;-20.80;-29.60;-26.20;Crystal structure is one of the mutants in the paper. This mutant is taken as 'wild-type'. The interaction has two distinct binding modes, only one of which appears in the crystal structure.
2VN5_A_B;SB42A,TB43F,KA127G;0.00000000235;0.000000001;308;-22.10;-20.80;-32.30;-26.20;Crystal structure is one of the mutants in the paper. This mutant is taken as 'wild-type'. The interaction has two distinct binding modes, only one of which appears in the crystal structure.
2VN5_A_B;SB42A,TB43F,TA35A,NA37A;0.0000000157;0.000000001;308;-19.50;-20.80;-27.60;-26.20;Crystal structure is one of the mutants in the paper. This mutant is taken as 'wild-type'. The interaction has two distinct binding modes, only one of which appears in the crystal structure.
2VN5_A_B;SB42A,TB43F,TA35A,NA37A,YA39A;0.000000472;0.000000001;308;-14.60;-20.80;-18.50;-26.20;Crystal structure is one of the mutants in the paper. This mutant is taken as 'wild-type'. The interaction has two distinct binding modes, only one of which appears in the crystal structure.
2VN5_A_B;SB42A,TB43F,TA35A,NA37A,NA81A;0.000000175;0.000000001;308;-15.40;-20.80;-19.00;-26.20;Crystal structure is one of the mutants in the paper. This mutant is taken as 'wild-type'. The interaction has two distinct binding modes, only one of which appears in the crystal structure.
2VN5_A_B;SB42A,TB43F,TA35A,NA37A,YA39A,NA81A;0.000005;0.000000001;308;-15.40;-20.80;-25.70;-26.20;Crystal structure is one of the mutants in the paper. This mutant is taken as 'wild-type'. The interaction has two distinct binding modes, only one of which appears in the crystal structure.
2VN5_A_B;SB42A,TB43F,SA66A,SA68A,SA75A;0.00000000126;0.000000001;308;-24.20;-20.80;-37.70;-26.20;Crystal structure is one of the mutants in the paper. This mutant is taken as 'wild-type'. The interaction has two distinct binding modes, only one of which appears in the crystal structure.
2VN5_A_B;SB42A,TB43F,LA77A,LA79A;0.0000161;0.000000001;308;-11.20;-20.80;-16.30;-26.20;Crystal structure is one of the mutants in the paper. This mutant is taken as 'wild-type'. The interaction has two distinct binding modes, only one of which appears in the crystal structure.
2VN5_A_B;SB42A,TB43F,MA125G,KA127A;0.0000000521;0.000000001;308;-19.80;-20.80;-31.00;-26.20;Crystal structure is one of the mutants in the paper. This mutant is taken as 'wild-type'. The interaction has two distinct binding modes, only one of which appears in the crystal structure.
2VN5_A_B;SB42A,TB43F,AB14S,LB15T;0.0000000018;0.000000001;308;-18.00;-20.80;-18.50;-26.20;Crystal structure is one of the mutants in the paper. This mutant is taken as 'wild-type'. The interaction has two distinct binding modes, only one of which appears in the crystal structure.
2VN5_A_B;SB42A,TB43F,AB14Q,LB15Q;0.00000000129;0.000000001;308;-17.50;-20.80;-16.10;-26.20;Crystal structure is one of the mutants in the paper. This mutant is taken as 'wild-type'. The interaction has two distinct binding modes, only one of which appears in the crystal structure.
2VN5_A_B;AB14S,LB15T;0.00000000862;0.000000001;308;-18.60;-20.80;-23.50;-26.20;Crystal structure is one of the mutants in the paper. This mutant is taken as 'wild-type'. The interaction has two distinct binding modes, only one of which appears in the crystal structure.
2VN5_A_B;SB42Q,TB43Q;0.00000000488;0.000000001;308;-22.60;-20.80;-35.10;-26.20;Crystal structure is one of the mutants in the paper. This mutant is taken as 'wild-type'. The interaction has two distinct binding modes, only one of which appears in the crystal structure.
2VN5_A_B;SB42A,TB43F,FB17A,LB45A;0.00000435;0.000000001;308;-18.10;-20.80;-34.10;-26.20;Crystal structure is one of the mutants in the paper. This mutant is taken as 'wild-type'. The interaction has two distinct binding modes, only one of which appears in the crystal structure.
2DVW_A_B;RB7A;0.000000217;0.0000000673;298;-22.00;-28.70;-43.29;-63.76;
2DVW_A_B;RB3A,RB7A;0.00000255;0.0000000673;298;-6.10;-28.70;5.03;-63.76;
2DVW_A_B;RB3A,RB4A,RB7A;0.00000747;0.0000000673;298;-2.20;-28.70;15.77;-63.76;
2DVW_A_B;EB21A,EB22A;0.0000000718;0.0000000673;298;-27.30;-28.70;-58.72;-63.76;
2DVW_A_B;KB62E;0.0000000952;0.0000000673;298;-25.60;-28.70;-53.36;-63.76;
2DVW_A_B;RA39A;0.000000313;0.0000000673;298;-17.10;-28.70;-30.20;-63.76;
2DVW_A_B;KA114A;0.0000000713;0.0000000673;298;-24.00;-28.70;-47.99;-63.76;
2DVW_A_B;DA37A,DA69A;0.000000093;0.0000000673;298;-25.00;-28.70;-51.68;-63.76;
2DVW_A_B;RA39A,KA114A;0.00000363;0.0000000673;298;-4.90;-28.70;8.39;-63.76;
2DVW_A_B;EA180A;0.000000141;0.0000000673;298;-28.20;-28.70;-63.09;-63.76;
3WWN_A_B;RA221E;0.00000375;0.00000662;333;-6.03;-6.36;6.16;4.02;
3WWN_A_B;RA224E;0.0000588;0.00000662;333;-6.70;-6.36;1.38;4.02;
3WWN_A_B;KA225E;0.00000862;0.00000662;333;-5.46;-6.36;6.28;4.02;
4JEU_A_B;RA169A;7E-10;0.0000000014;298;-36.20;-34.60;-79.59;-75.59;
4JEU_A_B;RA37C;0.0000000065;0.0000000014;298;-27.10;-34.60;-53.48;-75.59;
4JEU_A_B;LB147A,EB148A;0.0000000105;0.0000000014;298;-34.80;-34.60;-80.27;-75.59;
4JEU_A_B;LB147A,EB148A;0.0000000077;0.0000000014;298;-34.80;-34.60;-79.65;-75.59;
4JEU_A_B;IB215A;0.000000333;0.0000000014;298;-16.00;-34.60;-24.05;-75.59;
4JEU_A_B;RB3A;0.0000000094;0.0000000014;298;-27.30;-34.60;-54.88;-75.59;
4JEU_A_B;TB4A;0.0000000019;0.0000000014;298;-32.60;-34.60;-69.49;-75.59;
4JEU_A_B;LB7A;0.0000000091;0.0000000014;298;-27.30;-34.60;-54.82;-75.59;
1U7F_B_AC;RB65A;0.00000109;0.000000058;310;-8.50;-7.50;0.01;8.80;mutation interacts with phosphoserine
1U7F_B_AC;DB140A;0.00000529;0.000000058;310;-3.80;-7.50;11.90;8.80;
2REX_A_B;LA70Y;0.0000141;0.0000055;298;-1.40;-6.70;17.40;1.68;
2REX_A_B;YB97F;0.0000055;0.0000055;298;-2.50;-6.70;14.00;1.68;
3Q3J_A_B;YB100F;0.00001;0.000007;298;-4.10;-8.00;9.06;-3.36;
3NVN_B_A;RB186S;0.00000008;0.0000000094;303;-10.10;-14.60;-0.80;-11.50;
1JTG_A_B;FB36A;0.0000000714;1.11E-10;303;-10.20;-7.40;-1.00;21.10;wild type parameters measured at 303K
1JTG_A_B;FB36A;0.0000000476;1.11E-10;298;-4.10;-7.40;19.90;21.10;wild type parameters measured at 303K
1JTG_A_B;FB36A;0.0000000189;1.11E-10;279;6.40;-7.40;58.20;21.10;wild type parameters measured at 303K
1JTG_A_B;HB41A;0.0000000385;1.11E-10;301;-5.10;-7.40;17.10;21.10;wild type parameters measured at 303K
1JTG_A_B;HB41A;0.0000000526;1.11E-10;281;6.50;-7.40;56.30;21.10;wild type parameters measured at 303K
1JTG_A_B;HB41A;0.000000125;1.11E-10;279;8.10;-7.40;61.00;21.10;wild type parameters measured at 303K
1JTG_A_B;DB49A;0.0000000263;1.11E-10;288;6.00;-7.40;55.60;21.10;wild type parameters measured at 303K
1JTG_A_B;DB49A;0.0000000196;1.11E-10;283;7.80;-7.40;63.00;21.10;wild type parameters measured at 303K
1JTG_A_B;DB49A;0.0000000149;1.11E-10;279;8.40;-7.40;66.00;21.10;wild type parameters measured at 303K
1JTG_A_B;YB53A;0.000000025;1.11E-10;303;-7.20;-7.40;11.00;21.10;wild type parameters measured at 303K
1JTG_A_B;YB53A;0.0000000714;1.11E-10;281;5.10;-7.40;50.80;21.10;wild type parameters measured at 303K
1JTG_A_B;YB53A;0.0000000345;1.11E-10;279;5.60;-7.40;54.10;21.10;wild type parameters measured at 303K
1JTG_A_B;KB74A;0.0000000909;1.11E-10;303;-8.70;-7.40;3.60;21.10;wild type parameters measured at 303K
1JTG_A_B;KB74A;0.000000111;1.11E-10;298;-6.30;-7.40;10.60;21.10;wild type parameters measured at 303K
1JTG_A_B;KB74A;0.0000000625;1.11E-10;279;3.50;-7.40;45.30;21.10;wild type parameters measured at 303K
1JTG_A_B;WB112A;0.0000000357;1.11E-10;303;-8.80;-7.40;4.90;21.10;wild type parameters measured at 303K
1JTG_A_B;WB112A;0.000000025;1.11E-10;301;-8.50;-7.40;6.60;21.10;wild type parameters measured at 303K
1JTG_A_B;WB112A;0.0000000156;1.11E-10;279;3.30;-7.40;47.50;21.10;wild type parameters measured at 303K
1JTG_A_B;FB142A;0.0000000263;1.11E-10;303;-6.50;-7.40;13.30;21.10;wild type parameters measured at 303K
1JTG_A_B;FB142A;0.0000000385;1.11E-10;281;5.30;-7.40;52.90;21.10;wild type parameters measured at 303K
1JTG_A_B;FB142A;0.0000000263;1.11E-10;279;6.00;-7.40;56.30;21.10;wild type parameters measured at 303K
1JTG_A_B;HB148A;0.00000000694;1.11E-10;303;-8.20;-7.40;10.30;21.10;wild type parameters measured at 303K
1JTG_A_B;HB148A;0.00000005;1.11E-10;285;5.60;-7.40;53.00;21.10;wild type parameters measured at 303K
1JTG_A_B;HB148A;0.0000000769;1.11E-10;279;7.40;-7.40;59.00;21.10;wild type parameters measured at 303K
1JTG_A_B;WB150A;0.0000005;1.11E-10;288;7.50;-7.40;54.90;21.10;wild type parameters measured at 303K
1JTG_A_B;WB150A;0.00000025;1.11E-10;283;8.50;-7.40;60.30;21.10;wild type parameters measured at 303K
1JTG_A_B;WB150A;0.0000005;1.11E-10;279;10.00;-7.40;64.60;21.10;wild type parameters measured at 303K
1JTG_A_B;RB160A;0.0000000476;1.11E-10;288;6.30;-7.40;55.30;21.10;wild type parameters measured at 303K
1JTG_A_B;RB160A;0.000000027;1.11E-10;281;9.10;-7.40;66.90;21.10;wild type parameters measured at 303K
1JTG_A_B;RB160A;0.0000000294;1.11E-10;279;10.60;-7.40;72.30;21.10;wild type parameters measured at 303K
1JTG_A_B;SB39A;2.01E-10;1.11E-10;293;2.70;-7.40;53.58;21.10;wild type parameters measured at 303K
1JTG_A_B;GB48A;0.000000001;1.11E-10;303;-4.70;-7.40;25.74;21.10;wild type parameters measured at 303K
1JTG_A_B;GB48A;0.00000000294;1.11E-10;279;8.90;-7.40;70.94;21.10;wild type parameters measured at 303K
1JTG_A_B;YB50A;3.33E-12;1.11E-10;303;-10.20;-7.40;18.85;21.10;wild type parameters measured at 303K
1JTG_A_B;YB50A;3.1E-12;1.11E-10;288;-3.90;-7.40;39.12;21.10;wild type parameters measured at 303K
1JTG_A_B;YB51A;7.63E-10;1.11E-10;303;-9.50;-7.40;10.36;21.10;wild type parameters measured at 303K
1JTG_A_B;YB51A;6.67E-10;1.11E-10;298;-4.40;-7.40;27.22;21.10;wild type parameters measured at 303K
1JTG_A_B;YB51A;6.41E-10;1.11E-10;279;10.00;-7.40;77.91;21.10;wild type parameters measured at 303K
1JTG_A_B;SB71A;3.01E-10;1.11E-10;303;-3.20;-7.40;33.00;21.10;wild type parameters measured at 303K
1JTG_A_B;EB73A;5.86E-10;1.11E-10;303;-9.10;-7.40;12.21;21.10;wild type parameters measured at 303K
1JTG_A_B;SB113A;4.78E-11;1.11E-10;288;2.50;-7.40;55.90;21.10;wild type parameters measured at 303K
1JTG_A_B;GB141A;0.00000000261;1.11E-10;303;-11.90;-7.40;0.00;21.10;wild type parameters measured at 303K
1JTG_A_B;YB143A;5E-10;1.11E-10;298;3.80;-7.40;55.31;21.10;wild type parameters measured at 303K
1JTG_A_B;YB143A;0.00000000154;1.11E-10;279;15.60;-7.40;96.24;21.10;wild type parameters measured at 303K
1JTG_A_B;RB144A;8.17E-10;1.11E-10;303;-6.60;-7.40;19.80;21.10;wild type parameters measured at 303K
1LFD_A_B;IA5A;0.00000374;0.000000691;298;-8.80;-11.20;-5.03;-9.40;
1LFD_A_B;RA7A;0.0000284;0.000000691;298;-10.00;-11.20;-12.75;-9.40;
1LFD_A_B;NA14A;0.00000374;0.000000691;298;-9.90;-11.20;-8.72;-9.40;
1LFD_A_B;NA16A;0.00000115;0.000000691;298;-10.00;-11.20;-6.38;-9.40;
1LFD_A_B;YA18F;0.00000374;0.000000691;298;-10.70;-11.20;-10.74;-9.40;
1LFD_A_B;KA19A;0.0000144;0.000000691;298;-5.70;-11.20;3.02;-9.40;
1LFD_A_B;SA20A;0.00000267;0.000000691;298;-9.50;-11.20;-6.38;-9.40;
1LFD_A_B;KA35A;0.00000115;0.000000691;298;-10.80;-11.20;-9.06;-9.40;
1LFD_A_B;DA38A;0.000000417;0.000000691;298;-12.60;-11.20;-13.09;-9.40;
1LFD_A_B;KA39A;0.0000398;0.000000691;298;-6.00;-11.20;-0.34;-9.40;
1LFD_A_B;HA40A;0.00000374;0.000000691;298;-12.20;-11.20;-16.11;-9.40;
1LFD_A_B;EA44A;0.000000584;0.000000691;298;-10.90;-11.20;-8.05;-9.40;
1LFD_A_B;QB25A;0.00000316;0.000000691;298;-11.80;-11.20;-14.77;-9.40;
1LFD_A_B;DB33A;0.00000443;0.000000691;298;-7.50;-11.20;-0.67;-9.40;
1LFD_A_B;SB39A;0.000000251;0.000000691;298;-9.50;-11.20;-1.68;-9.40;
1LFD_A_B;YB40F;0.0000336;0.000000691;298;-14.60;-11.20;-28.52;-9.40;
1LFD_A_B;RB41A;0.00000316;0.000000691;298;-10.70;-11.20;-10.74;-9.40;
4G0N_A_B;RB6A;0.00000129;0.0000000802;308;-6.70;-8.60;5.19;4.55;
4G0N_A_B;NB11A;0.0000000945;0.0000000802;308;-7.60;-8.60;7.47;4.55;
4G0N_A_B;QB13A;0.00000129;0.0000000802;308;-8.10;-8.60;0.65;4.55;
4G0N_A_B;RB14A;0.00000211;0.0000000802;308;-6.50;-8.60;5.19;4.55;
4G0N_A_B;TB15A;0.000000931;0.0000000802;308;-7.30;-8.60;4.22;4.55;
4G0N_A_B;VB16A;0.000000411;0.0000000802;308;-7.10;-8.60;6.17;4.55;
4G0N_A_B;KB31A;0.00000292;0.0000000802;308;-6.90;-8.60;2.92;4.55;
4G0N_A_B;VB35A;0.0000000945;0.0000000802;308;-8.00;-8.60;6.17;4.55;
4G0N_A_B;IA21A;0.000000349;0.0000000802;308;-9.90;-8.60;-2.60;4.55;
4G0N_A_B;HA27A;0.0000000491;0.0000000802;308;-8.10;-8.60;6.82;4.55;
4G0N_A_B;EA31A;0.000000182;0.0000000802;308;-7.40;-8.60;6.82;4.55;
4G0N_A_B;DA33A;0.000000484;0.0000000802;308;-6.50;-8.60;7.79;4.55;
4G0N_A_B;IA36A;0.00000152;0.0000000802;308;-7.70;-8.60;1.62;4.55;
4G0N_A_B;EA37A;0.00000152;0.0000000802;308;-6.30;-8.60;5.84;4.55;
4G0N_A_B;DA38A;0.0000176;0.0000000802;308;-6.00;-8.60;2.27;4.55;
4G0N_A_B;SA39A;0.000000131;0.0000000802;308;-7.70;-8.60;6.17;4.55;
4G0N_A_B;RA41A;0.0000000301;0.0000000802;308;-8.30;-8.60;7.47;4.55;
4G0N_A_B;VA45A;0.0000000491;0.0000000802;308;-7.90;-8.60;7.79;4.55;
1GUA_A_B;RB4A;0.00000267;0.000000493;298;-4.50;-5.60;10.07;10.07;
1GUA_A_B;NB9A;0.000000251;0.000000493;298;-2.90;-5.60;20.81;10.07;
1GUA_A_B;KB10A;0.000000251;0.000000493;298;-3.80;-5.60;17.45;10.07;
1GUA_A_B;QB11A;0.000000584;0.000000493;298;-4.30;-5.60;14.09;10.07;
1GUA_A_B;TB13A;0.00000161;0.000000493;298;-4.20;-5.60;12.75;10.07;
1GUA_A_B;VB14A;0.000000584;0.000000493;298;-4.50;-5.60;13.42;10.07;
1GUA_A_B;KB29A;0.0000144;0.000000493;298;-4.30;-5.60;7.72;10.07;
1GUA_A_B;KB32A;0.0000019;0.000000493;298;-4.20;-5.60;12.08;10.07;
1GUA_A_B;VB33A;0.000000691;0.000000493;298;-6.80;-5.60;5.37;10.07;
1GUA_A_B;EA37A;0.00000443;0.000000493;298;-2.70;-5.60;15.44;10.07;
1GUA_A_B;SA39A;0.00000524;0.000000493;298;-8.00;-5.60;-2.35;10.07;
1LFD_A_B;NA16A,QB25A;0.00000115;0.000000691;298;-11.10;-11.20;-10.07;-9.40;
1LFD_A_B;KA19A,QB25A;0.0000471;0.000000691;298;-7.60;-11.20;-5.37;-9.40;
1LFD_A_B;DA38A,DB33A;0.000000969;0.000000691;298;-11.60;-11.20;-11.41;-9.40;
1LFD_A_B;HA40A,DB33A;0.0000284;0.000000691;298;-14.30;-11.20;-27.18;-9.40;
1LFD_A_B;NA16A,SB39A;0.000000691;0.000000691;298;-9.00;-11.20;-2.01;-9.40;
1LFD_A_B;YA18F,SB39A;0.00000267;0.000000691;298;-11.10;-11.20;-11.74;-9.40;
1LFD_A_B;KA35A,SB39A;0.000000584;0.000000691;298;-9.00;-11.20;-1.68;-9.40;
1LFD_A_B;HA40A,SB39A;0.00000161;0.000000691;298;-11.50;-11.20;-12.08;-9.40;
1LFD_A_B;NA16A,YB40F;0.0000336;0.000000691;298;-15.40;-11.20;-31.21;-9.40;
1LFD_A_B;YA18F,YB40F;0.0000558;0.000000691;298;-6.70;-11.20;-3.02;-9.40;
1LFD_A_B;SA20A,YB40F;0.0000144;0.000000691;298;-7.20;-11.20;-2.01;-9.40;
1LFD_A_B;NA14A,RB41A;0.0000103;0.000000691;298;-9.80;-11.20;-10.07;-9.40;
1LFD_A_B;NA16A,RB41A;0.00000735;0.000000691;298;-11.40;-11.20;-14.77;-9.40;
1LFD_A_B;YA18F,RB41A;0.0000144;0.000000691;298;-12.00;-11.20;-18.12;-9.40;
4G0N_A_B;TB15A,IA21A;0.00000292;0.0000000802;308;-9.70;-8.60;-6.17;4.55;
4G0N_A_B;VB16A,IA21A;0.0000011;0.0000000802;308;-9.30;-8.60;-2.92;4.55;
4G0N_A_B;VB35A,IA21A;0.000000131;0.0000000802;308;-14.40;-8.60;-15.26;4.55;
4G0N_A_B;VB35A,HA27A;0.000000111;0.0000000802;308;-8.40;-8.60;4.55;4.55;
4G0N_A_B;RB6A,EA31A;0.00000292;0.0000000802;308;-5.60;-8.60;7.14;4.55;
4G0N_A_B;TB15A,EA31A;0.0000011;0.0000000802;308;-5.80;-8.60;8.44;4.55;
4G0N_A_B;KB31A,EA31A;0.00000248;0.0000000802;308;-7.60;-8.60;0.97;4.55;
4G0N_A_B;RB6A,DA33A;0.00000561;0.0000000802;308;-6.00;-8.60;4.55;4.55;
4G0N_A_B;KB31A,DA33A;0.00000661;0.0000000802;308;-8.00;-8.60;-2.27;4.55;
4G0N_A_B;RB6A,IA36A;0.000106;0.0000000802;308;-8.90;-8.60;-10.71;4.55;
4G0N_A_B;TB15A,IA36A;0.0000127;0.0000000802;308;-7.70;-8.60;-2.60;4.55;
4G0N_A_B;VB16A,IA36A;0.00000661;0.0000000802;308;-4.60;-8.60;8.77;4.55;
4G0N_A_B;RB6A,EA37A;0.00000405;0.0000000802;308;-5.70;-8.60;6.17;4.55;
4G0N_A_B;TB15A,EA37A;0.00000916;0.0000000802;308;-4.70;-8.60;7.79;4.55;
4G0N_A_B;VB16A,EA37A;0.00000778;0.0000000802;308;-6.70;-8.60;1.95;4.55;
4G0N_A_B;KB31A,EA37A;0.0000244;0.0000000802;308;-2.80;-8.60;12.01;4.55;
4G0N_A_B;RB6A,DA38A;0.000147;0.0000000802;308;-4.70;-8.60;2.27;4.55;
4G0N_A_B;TB15A,DA38A;0.0000127;0.0000000802;308;-4.90;-8.60;6.17;4.55;
4G0N_A_B;QB13A,SA39A;0.00000248;0.0000000802;308;-7.50;-8.60;0.97;4.55;
4G0N_A_B;RB14A,SA39A;0.00000344;0.0000000802;308;-6.60;-8.60;3.57;4.55;
4G0N_A_B;TB15A,SA39A;0.00000211;0.0000000802;308;-7.00;-8.60;3.25;4.55;
4G0N_A_B;NB11A,RA41A;0.0000000301;0.0000000802;308;-7.80;-8.60;9.09;4.55;
4G0N_A_B;QB13A,RA41A;0.000000671;0.0000000802;308;-6.10;-8.60;8.44;4.55;
4G0N_A_B;NB11A,VA45A;0.0000000802;0.0000000802;308;-6.40;-8.60;11.69;4.55;
4G0N_A_B;QB13A,VA45A;0.0000011;0.0000000802;308;-6.70;-8.60;5.52;4.55;
4G0N_A_B;RB14A,VA45A;0.00000152;0.0000000802;308;-7.50;-8.60;2.27;4.55;
4G0N_A_B;TB15A,VA45A;0.000000484;0.0000000802;308;-7.80;-8.60;3.57;4.55;
1GUA_A_B;RB4A,EA37A;0.00000443;0.000000493;298;-1.50;-5.60;19.46;10.07;
1GUA_A_B;VB14A,EA37A;0.0000087;0.000000493;298;-3.30;-5.60;12.75;10.07;
4G0N_A_B;EA31A;0.000000833;0.00000008;298;-3.30;-5.20;16.78;15.10;
4G0N_A_B;DA33A;0.000000256;0.00000008;298;-3.80;-5.20;17.45;15.10;
4G0N_A_B;RA41A;0.0000000667;0.00000008;298;-4.00;-5.20;19.46;15.10;
4G0N_A_B;RB6A;0.0000025;0.00000008;298;-4.00;-5.20;12.08;15.10;
4G0N_A_B;NB11A;0.000000167;0.00000008;298;-5.00;-5.20;14.43;15.10;
4G0N_A_B;RB14A;0.000001;0.00000008;298;-3.20;-5.20;16.78;15.10;
4G0N_A_B;VB16A;0.000000256;0.00000008;298;-4.00;-5.20;16.78;15.10;
4G0N_A_B;KB31A;0.0000025;0.00000008;298;-4.20;-5.20;11.41;15.10;
4G0N_A_B;VB35A;0.0000000667;0.00000008;298;-5.30;-5.20;15.10;15.10;
1FFW_A_B;AA102V;0.0000123;0.00000123;298;-8.40;-12.00;-5.60;-13.00;
1FFW_A_B;YA50C;0.00000152;0.00000123;298;-13.60;-12.00;-18.90;-13.00;
5K39_A_B;MB108A;0.00000000741;0.0000000166;318;-10.43;-12.39;4.40;-3.36;wt dS corrected to be in line with dG
5K39_A_B;MB112A;0.0000000112;0.0000000166;318;-8.66;-12.39;9.15;-3.36;wt dS corrected to be in line with dG
5K39_A_B;SB115A;0.0000000355;0.0000000166;318;-10.28;-12.39;1.76;-3.36;wt dS corrected to be in line with dG
5K39_A_B;FB142A;0.00000163;0.0000000166;318;-8.83;-12.39;-1.32;-3.36;wt dS corrected to be in line with dG
5K39_A_B;IB148A;0.000000531;0.0000000166;318;-9.75;-12.39;-1.98;-3.36;wt dS corrected to be in line with dG
5M2O_A_B;IB17A;0.000000259;0.00000000847;308;-57.26;-50.68;-156.07;-128.05;
5M2O_A_B;SB18A;0.00000000917;0.00000000847;308;-46.60;-50.68;-114.03;-128.05;
5M2O_A_B;VB21A;0.000000524;0.00000000847;308;-52.08;-50.68;-140.06;-128.05;
5M2O_A_B;QB25A;0.0000000585;0.00000000847;308;-48.27;-50.68;-124.06;-128.05;
5M2O_A_B;KB32A;0.000000051;0.00000000847;308;-59.73;-50.68;-160.06;-128.05;
5M2O_A_B;QB61A;0.00000000649;0.00000000847;308;-39.45;-50.68;-90.03;-128.05;
5M2O_A_B;LB65A;0.0000000356;0.00000000847;308;-59.84;-50.68;-160.06;-128.05;
5M2O_A_B;VB21A,QB25A;0.00000229;0.00000000847;308;-48.79;-50.68;-133.05;-128.05;
5M2O_A_B;NA64A;0.00000000909;0.00000000847;308;-58.63;-50.68;-153.08;-128.05;
5M2O_A_B;NA71A;0.000000011;0.00000000847;308;-52.70;-50.68;-135.06;-128.05;
5M2O_A_B;KA73A;0.00000000236;0.00000000847;308;-57.42;-50.68;-147.08;-128.05;
5M2O_A_B;LA75A;0.000000132;0.00000000847;308;-51.93;-50.68;-137.05;-128.05;
5M2O_A_B;EA80A;0.0000000276;0.00000000847;308;-55.45;-50.68;-145.06;-128.05;
5M2O_A_B;HA117A;0.0000000376;0.00000000847;308;-52.63;-50.68;-137.24;-128.05;
5M2O_A_B;NA120A;0.0000000181;0.00000000847;308;-52.80;-50.68;-136.04;-128.05;
5M2O_A_B;EA80A,HA117A;0.000000606;0.00000000847;308;-66.86;-50.68;-189.09;-128.05;
5M2O_A_B;NA71A,HA117A;0.000000402;0.00000000847;308;-50.84;-50.68;-136.04;-128.05;
5M2O_A_B;NA71A,NA120A;0.000000538;0.00000000847;308;-56.31;-50.68;-154.06;-128.05;
5M2O_A_B;NA71A,EA80A;0.0000000481;0.00000000847;308;-51.76;-50.68;-134.06;-128.05;
5M2O_A_B;EA80A,HA117A;0.000000606;0.00000000847;308;-66.86;-50.68;-189.09;-128.05;
5M2O_A_B;EA80A,NA120A;0.0000000654;0.00000000847;308;-55.04;-50.68;-146.07;-128.05;
5M2O_A_B;HA117A,NA120A;0.000000439;0.00000000847;308;-46.44;-50.68;-122.05;-128.05;
3EG5_A_B;HA104F;0.000000037;0.00000125;293;-0.67;3.28;31.71;38.23;Crystal structure is one of the mutants in the paper. This mutant is taken as 'wild-type'
3EG5_A_B;TB73N,SB74N,HB75N;0.0000074;0.00000125;293;2.20;3.28;31.02;38.23;Crystal structure is one of the mutants in the paper. This mutant is taken as 'wild-type'
3EG5_A_B;TB73N,SB74N,HB75N,HA104F;0.000000133;0.00000125;293;-1.60;3.28;26.01;38.23;Crystal structure is one of the mutants in the paper. This mutant is taken as 'wild-type'
1YQV_HL_Y;RY45K;1.09E-10;3.72E-12;283;-14.00;-18.70;-3.89;-13.78;
1YQV_HL_Y;RY45K;6.81E-10;2.32E-11;298;-19.30;-22.60;-22.82;-27.18;
1YQV_HL_Y;RY45K;0.00000000213;1.35E-10;310;-25.50;-28.20;-42.58;-45.81;
1YQV_HL_Y;RY68K,TY40S,IY55V,SY91T,QY121H;4.45E-12;3.72E-12;283;-15.50;-18.70;-2.83;-13.78;
1YQV_HL_Y;RY68K,TY40S,IY55V,SY91T,QY121H;2.32E-11;2.32E-11;298;-21.40;-22.60;-23.15;-27.18;
1YQV_HL_Y;RY68K,TY40S,IY55V,SY91T,QY121H;1.35E-10;1.35E-10;310;-27.60;-28.20;-43.87;-45.81;
1YQV_HL_Y;RY68K,TY40S,IY55V,SY91T;0.0000000323;3.72E-12;283;-14.30;-18.70;-16.25;-13.78;
1YQV_HL_Y;RY68K,TY40S,IY55V,SY91T;0.000000128;2.32E-11;298;-20.10;-22.60;-35.91;-27.18;
1YQV_HL_Y;RY68K,TY40S,IY55V,SY91T;0.000000736;1.35E-10;310;-25.60;-28.20;-54.52;-45.81;
